[
{
  "model": "dcim.manufacturer",
  "pk": "79b9ec3e-3530-4599-bc98-6cf7c060bc8f",
  "fields": {
    "created": "2022-11-07",
    "last_updated": "2022-11-07T00:17:37.760Z",
    "_custom_field_data": {},
    "name": "Cisco",
    "slug": "cisco",
    "description": ""
  }
},
{
  "model": "dcim.devicetype",
  "pk": "c04fb5bf-2f6d-4658-af20-e514652844b1",
  "fields": {
    "created": "2022-11-07",
    "last_updated": "2022-11-07T00:17:37.762Z",
    "_custom_field_data": {},
    "manufacturer": "79b9ec3e-3530-4599-bc98-6cf7c060bc8f",
    "model": "C9410R",
    "slug": "C9410R",
    "part_number": "",
    "u_height": 1,
    "is_full_depth": true,
    "subdevice_role": "",
    "front_image": "",
    "rear_image": "",
    "comments": ""
  }
},
{
  "model": "dcim.devicerole",
  "pk": "4e0e63a5-0919-4f74-a28d-5a1c56cf7912",
  "fields": {
    "created": "2022-11-07",
    "last_updated": "2022-11-07T00:17:37.761Z",
    "_custom_field_data": {},
    "name": "Switch",
    "slug": "switch",
    "color": "9e9e9e",
    "vm_role": true,
    "description": ""
  }
},
{
  "model": "dcim.platform",
  "pk": "56bc6723-bf83-4575-90df-0ab1d8a5335f",
  "fields": {
    "created": "2022-11-07",
    "last_updated": "2022-11-07T00:17:37.763Z",
    "_custom_field_data": {},
    "name": "ios",
    "slug": "ios",
    "manufacturer": null,
    "napalm_driver": "",
    "napalm_args": null,
    "description": ""
  }
},
{
  "model": "extras.status",
  "fields": {
    "created": "2022-10-29",
    "last_updated": "2022-10-29T03:15:15.811Z",
    "_custom_field_data": {},
    "name": "Maintenance",
    "color": "9e9e9e",
    "slug": "maintenance",
    "description": "Unit is under maintenance",
    "content_types": [
      [
        "dcim",
        "interface"
      ],
      [
        "virtualization",
        "vminterface"
      ]
    ]
  }
},
{
  "model": "extras.status",
  "fields": {
    "created": "2022-10-29",
    "last_updated": "2022-10-29T03:15:15.741Z",
    "_custom_field_data": {},
    "name": "Provisioning",
    "color": "2196f3",
    "slug": "provisioning",
    "description": "Circuit is being provisioned",
    "content_types": [
      [
        "circuits",
        "circuit"
      ]
    ]
  }
},
{
  "model": "extras.status",
  "fields": {
    "created": "2022-10-29",
    "last_updated": "2022-10-29T03:15:15.744Z",
    "_custom_field_data": {},
    "name": "Active",
    "color": "4caf50",
    "slug": "active",
    "description": "Unit is active",
    "content_types": [
      [
        "ipam",
        "prefix"
      ],
      [
        "ipam",
        "ipaddress"
      ],
      [
        "ipam",
        "vlan"
      ],
      [
        "dcim",
        "device"
      ],
      [
        "virtualization",
        "virtualmachine"
      ],
      [
        "virtualization",
        "vminterface"
      ],
      [
        "dcim",
        "location"
      ],
      [
        "dcim",
        "powerfeed"
      ],
      [
        "circuits",
        "circuit"
      ],
      [
        "dcim",
        "rack"
      ],
      [
        "dcim",
        "site"
      ],
      [
        "dcim",
        "interface"
      ]
    ]
  }
},
{
  "model": "extras.status",
  "fields": {
    "created": "2022-10-29",
    "last_updated": "2022-10-29T03:15:15.847Z",
    "_custom_field_data": {},
    "name": "Available",
    "color": "4caf50",
    "slug": "available",
    "description": "Unit is available",
    "content_types": [
      [
        "dcim",
        "rack"
      ]
    ]
  }
},
{
  "model": "extras.status",
  "fields": {
    "created": "2022-10-29",
    "last_updated": "2022-10-29T03:15:15.790Z",
    "_custom_field_data": {},
    "name": "Failed",
    "color": "f44336",
    "slug": "failed",
    "description": "Unit has failed",
    "content_types": [
      [
        "dcim",
        "interface"
      ],
      [
        "dcim",
        "device"
      ],
      [
        "dcim",
        "powerfeed"
      ],
      [
        "virtualization",
        "virtualmachine"
      ],
      [
        "virtualization",
        "vminterface"
      ]
    ]
  }
},
{
  "model": "extras.status",
  "fields": {
    "created": "2022-10-29",
    "last_updated": "2022-10-29T03:15:15.818Z",
    "_custom_field_data": {},
    "name": "Staging",
    "color": "2196f3",
    "slug": "staging",
    "description": "Site or Location is in the process of being staged",
    "content_types": [
      [
        "dcim",
        "location"
      ],
      [
        "dcim",
        "site"
      ]
    ]
  }
},
{
  "model": "extras.status",
  "fields": {
    "created": "2022-10-29",
    "last_updated": "2022-10-29T03:15:15.844Z",
    "_custom_field_data": {},
    "name": "Reserved",
    "color": "00bcd4",
    "slug": "reserved",
    "description": "Unit is reserved",
    "content_types": [
      [
        "dcim",
        "rack"
      ],
      [
        "ipam",
        "prefix"
      ],
      [
        "ipam",
        "ipaddress"
      ],
      [
        "ipam",
        "vlan"
      ]
    ]
  }
},
{
  "model": "extras.status",
  "fields": {
    "created": "2022-10-29",
    "last_updated": "2022-10-29T03:15:15.786Z",
    "_custom_field_data": {},
    "name": "Staged",
    "color": "2196f3",
    "slug": "staged",
    "description": "Unit has been staged",
    "content_types": [
      [
        "dcim",
        "device"
      ],
      [
        "virtualization",
        "virtualmachine"
      ]
    ]
  }
},
{
  "model": "extras.status",
  "fields": {
    "created": "2022-10-29",
    "last_updated": "2022-10-29T03:15:15.894Z",
    "_custom_field_data": {},
    "name": "Container",
    "color": "9e9e9e",
    "slug": "container",
    "description": "Network contains children",
    "content_types": [
      [
        "ipam",
        "prefix"
      ]
    ]
  }
},
{
  "model": "extras.status",
  "fields": {
    "created": "2022-10-29",
    "last_updated": "2022-10-29T03:15:15.888Z",
    "_custom_field_data": {},
    "name": "SLAAC",
    "color": "4caf50",
    "slug": "slaac",
    "description": "Dynamically assigned IPv6 address",
    "content_types": [
      [
        "ipam",
        "ipaddress"
      ]
    ]
  }
},
{
  "model": "extras.status",
  "fields": {
    "created": "2022-10-29",
    "last_updated": "2022-10-29T03:15:15.793Z",
    "_custom_field_data": {},
    "name": "Inventory",
    "color": "9e9e9e",
    "slug": "inventory",
    "description": "Device is in inventory",
    "content_types": [
      [
        "dcim",
        "device"
      ]
    ]
  }
},
{
  "model": "extras.status",
  "fields": {
    "created": "2022-10-29",
    "last_updated": "2022-10-29T03:15:15.760Z",
    "_custom_field_data": {},
    "name": "Connected",
    "color": "4caf50",
    "slug": "connected",
    "description": "Cable is connected",
    "content_types": [
      [
        "dcim",
        "cable"
      ]
    ]
  }
},
{
  "model": "extras.status",
  "fields": {
    "created": "2022-10-29",
    "last_updated": "2022-10-29T03:15:15.755Z",
    "_custom_field_data": {},
    "name": "Decommissioned",
    "color": "9e9e9e",
    "slug": "decommissioned",
    "description": "Circuit has been decommissioned",
    "content_types": [
      [
        "circuits",
        "circuit"
      ]
    ]
  }
},
{
  "model": "extras.status",
  "fields": {
    "created": "2022-10-29",
    "last_updated": "2022-10-29T03:15:15.752Z",
    "_custom_field_data": {},
    "name": "Deprovisioning",
    "color": "ffc107",
    "slug": "deprovisioning",
    "description": "Circuit is being deprovisioned",
    "content_types": [
      [
        "circuits",
        "circuit"
      ]
    ]
  }
},
{
  "model": "extras.status",
  "fields": {
    "created": "2022-10-29",
    "last_updated": "2022-10-29T03:15:15.856Z",
    "_custom_field_data": {},
    "name": "Deprecated",
    "color": "f44336",
    "slug": "deprecated",
    "description": "Unit has been deprecated",
    "content_types": [
      [
        "dcim",
        "rack"
      ],
      [
        "ipam",
        "prefix"
      ],
      [
        "ipam",
        "ipaddress"
      ],
      [
        "ipam",
        "vlan"
      ]
    ]
  }
},
{
  "model": "extras.status",
  "fields": {
    "created": "2022-10-29",
    "last_updated": "2022-10-29T03:15:15.767Z",
    "_custom_field_data": {},
    "name": "Decommissioning",
    "color": "ffc107",
    "slug": "decommissioning",
    "description": "Unit is being decommissioned",
    "content_types": [
      [
        "dcim",
        "interface"
      ],
      [
        "dcim",
        "device"
      ],
      [
        "dcim",
        "cable"
      ],
      [
        "dcim",
        "location"
      ],
      [
        "dcim",
        "site"
      ],
      [
        "virtualization",
        "virtualmachine"
      ],
      [
        "virtualization",
        "vminterface"
      ]
    ]
  }
},
{
  "model": "extras.status",
  "fields": {
    "created": "2022-10-29",
    "last_updated": "2022-10-29T03:15:15.736Z",
    "_custom_field_data": {},
    "name": "Planned",
    "color": "00bcd4",
    "slug": "planned",
    "description": "Unit has been planned",
    "content_types": [
      [
        "dcim",
        "device"
      ],
      [
        "dcim",
        "cable"
      ],
      [
        "virtualization",
        "virtualmachine"
      ],
      [
        "virtualization",
        "vminterface"
      ],
      [
        "dcim",
        "location"
      ],
      [
        "dcim",
        "powerfeed"
      ],
      [
        "circuits",
        "circuit"
      ],
      [
        "dcim",
        "rack"
      ],
      [
        "dcim",
        "site"
      ],
      [
        "dcim",
        "interface"
      ]
    ]
  }
},
{
  "model": "extras.status",
  "fields": {
    "created": "2022-10-29",
    "last_updated": "2022-10-29T03:15:15.826Z",
    "_custom_field_data": {},
    "name": "Retired",
    "color": "f44336",
    "slug": "retired",
    "description": "Site or Location has been retired",
    "content_types": [
      [
        "dcim",
        "location"
      ],
      [
        "dcim",
        "site"
      ]
    ]
  }
},
{
  "model": "extras.status",
  "fields": {
    "created": "2022-10-29",
    "last_updated": "2022-10-29T03:15:15.885Z",
    "_custom_field_data": {},
    "name": "DHCP",
    "color": "4caf50",
    "slug": "dhcp",
    "description": "Dynamically assigned IPv4/IPv6 address",
    "content_types": [
      [
        "ipam",
        "ipaddress"
      ]
    ]
  }
},
{
  "model": "extras.status",
  "fields": {
    "created": "2022-10-29",
    "last_updated": "2022-10-29T03:15:15.748Z",
    "_custom_field_data": {},
    "name": "Offline",
    "color": "ffc107",
    "slug": "offline",
    "description": "Unit is offline",
    "content_types": [
      [
        "circuits",
        "circuit"
      ],
      [
        "dcim",
        "device"
      ],
      [
        "dcim",
        "powerfeed"
      ],
      [
        "virtualization",
        "virtualmachine"
      ]
    ]
  }
},
{
  "model": "extras.tag",
  "fields": {
    "name": "SKIP_UNMATCHED_SRC",
    "slug": "skip_unmatched_src",
    "created": "2022-11-06",
    "last_updated": "2022-11-06T15:55:57.325Z",
    "_custom_field_data": {},
    "color": "9e9e9e",
    "description": "",
    "content_types": [
      [
        "circuits",
        "providernetwork"
      ],
      [
        "circuits",
        "provider"
      ],
      [
        "circuits",
        "circuit"
      ],
      [
        "circuits",
        "circuittermination"
      ],
      [
        "dcim",
        "consoleport"
      ],
      [
        "dcim",
        "consoleserverport"
      ],
      [
        "dcim",
        "powerport"
      ],
      [
        "dcim",
        "poweroutlet"
      ],
      [
        "dcim",
        "interface"
      ],
      [
        "dcim",
        "frontport"
      ],
      [
        "dcim",
        "rearport"
      ],
      [
        "dcim",
        "devicebay"
      ],
      [
        "dcim",
        "inventoryitem"
      ],
      [
        "dcim",
        "devicetype"
      ],
      [
        "dcim",
        "device"
      ],
      [
        "dcim",
        "virtualchassis"
      ],
      [
        "dcim",
        "cable"
      ],
      [
        "dcim",
        "location"
      ],
      [
        "dcim",
        "powerpanel"
      ],
      [
        "dcim",
        "powerfeed"
      ],
      [
        "dcim",
        "rack"
      ],
      [
        "dcim",
        "rackreservation"
      ],
      [
        "dcim",
        "site"
      ],
      [
        "ipam",
        "vrf"
      ],
      [
        "ipam",
        "routetarget"
      ],
      [
        "ipam",
        "aggregate"
      ],
      [
        "ipam",
        "prefix"
      ],
      [
        "ipam",
        "ipaddress"
      ],
      [
        "ipam",
        "vlan"
      ],
      [
        "ipam",
        "service"
      ],
      [
        "extras",
        "gitrepository"
      ],
      [
        "extras",
        "job"
      ],
      [
        "extras",
        "secret"
      ],
      [
        "tenancy",
        "tenant"
      ],
      [
        "virtualization",
        "cluster"
      ],
      [
        "virtualization",
        "virtualmachine"
      ],
      [
        "virtualization",
        "vminterface"
      ]
    ]
  }
},
{
  "model": "ipam.vlan",
  "pk": "06691d87-a3b1-4143-911f-f5d8ea6e0ff9",
  "fields": {
    "created": "2022-11-07",
    "last_updated": "2022-11-07T00:17:39.972Z",
    "_custom_field_data": {},
    "status": [
      "Active"
    ],
    "site": "f2ced1e8-6d49-4108-8de9-8e975220e2ca",
    "location": null,
    "group": null,
    "vid": 102,
    "name": "VL102",
    "tenant": null,
    "role": null,
    "description": ""
  }
},
{
  "model": "ipam.vlan",
  "pk": "06bac769-8c24-4a36-8528-f217ed4b589e",
  "fields": {
    "created": "2022-11-07",
    "last_updated": "2022-11-07T00:17:39.980Z",
    "_custom_field_data": {},
    "status": [
      "Active"
    ],
    "site": "f2ced1e8-6d49-4108-8de9-8e975220e2ca",
    "location": null,
    "group": null,
    "vid": 103,
    "name": "VL103",
    "tenant": null,
    "role": null,
    "description": ""
  }
},
{
  "model": "ipam.vlan",
  "pk": "109bb844-dada-442d-9f2b-77a38f44320b",
  "fields": {
    "created": "2022-11-07",
    "last_updated": "2022-11-07T00:17:39.962Z",
    "_custom_field_data": {},
    "status": [
      "Active"
    ],
    "site": "f2ced1e8-6d49-4108-8de9-8e975220e2ca",
    "location": null,
    "group": null,
    "vid": 101,
    "name": "VL101",
    "tenant": null,
    "role": null,
    "description": ""
  }
},
{
  "model": "ipam.ipaddress",
  "pk": "36ebcb05-4f71-4ebc-82a1-cc358c6ba0f9",
  "fields": {
    "created": "2022-11-07",
    "last_updated": "2022-11-07T00:17:37.837Z",
    "_custom_field_data": {},
    "status": [
      "Active"
    ],
    "host": "10.100.2.1",
    "broadcast": "10.100.2.255",
    "prefix_length": 24,
    "vrf": null,
    "tenant": null,
    "role": "",
    "assigned_object_type": [
      "dcim",
      "interface"
    ],
    "assigned_object_id": "674860fb-60fa-4146-b8ae-ee80d4c73995",
    "nat_inside": null,
    "dns_name": "",
    "description": ""
  }
},
{
  "model": "ipam.ipaddress",
  "pk": "7300dc24-cbb6-4324-be5f-fa2d475db2c6",
  "fields": {
    "created": "2022-11-07",
    "last_updated": "2022-11-07T00:17:37.895Z",
    "_custom_field_data": {},
    "status": [
      "Active"
    ],
    "host": "10.100.3.1",
    "broadcast": "10.100.3.255",
    "prefix_length": 24,
    "vrf": null,
    "tenant": null,
    "role": "",
    "assigned_object_type": [
      "dcim",
      "interface"
    ],
    "assigned_object_id": "8ddeef6d-506d-465e-ab51-2a7026574b55",
    "nat_inside": null,
    "dns_name": "",
    "description": ""
  }
},
{
  "model": "ipam.ipaddress",
  "pk": "814639a6-2554-4ad1-9cdf-54ffa6a5e77b",
  "fields": {
    "created": "2022-11-07",
    "last_updated": "2022-11-07T00:17:40.098Z",
    "_custom_field_data": {},
    "status": [
      "Active"
    ],
    "host": "10.11.128.1",
    "broadcast": "10.11.128.1",
    "prefix_length": 32,
    "vrf": null,
    "tenant": null,
    "role": "",
    "assigned_object_type": [
      "dcim",
      "interface"
    ],
    "assigned_object_id": "037a54a4-cc4d-4304-a84c-5d841f0826cd",
    "nat_inside": null,
    "dns_name": "",
    "description": ""
  }
},
{
  "model": "ipam.ipaddress",
  "pk": "8ee0e4ab-9e02-43a1-b148-54a9b3e81878",
  "fields": {
    "created": "2022-11-07",
    "last_updated": "2022-11-07T00:17:40.209Z",
    "_custom_field_data": {},
    "status": [
      "Active"
    ],
    "host": "10.11.128.2",
    "broadcast": "10.11.128.2",
    "prefix_length": 32,
    "vrf": null,
    "tenant": null,
    "role": "",
    "assigned_object_type": [
      "dcim",
      "interface"
    ],
    "assigned_object_id": "2f2724fb-d542-4d15-aeb0-9f124528abc1",
    "nat_inside": null,
    "dns_name": "",
    "description": ""
  }
},
{
  "model": "ipam.ipaddress",
  "pk": "d976050c-45bb-4844-90fc-831f976cf334",
  "fields": {
    "created": "2022-11-07",
    "last_updated": "2022-11-07T00:17:40.255Z",
    "_custom_field_data": {},
    "status": [
      "Active"
    ],
    "host": "10.11.128.3",
    "broadcast": "10.11.128.3",
    "prefix_length": 32,
    "vrf": null,
    "tenant": null,
    "role": "",
    "assigned_object_type": [
      "dcim",
      "interface"
    ],
    "assigned_object_id": "4d10b1be-f382-42c6-8571-ba43273e1e5b",
    "nat_inside": null,
    "dns_name": "",
    "description": ""
  }
},
{
  "model": "ipam.ipaddress",
  "pk": "ec461b6f-28c6-4cce-b233-daa0534624d4",
  "fields": {
    "created": "2022-11-07",
    "last_updated": "2022-11-07T00:17:37.790Z",
    "_custom_field_data": {},
    "status": [
      "Active"
    ],
    "host": "10.100.1.1",
    "broadcast": "10.100.1.255",
    "prefix_length": 24,
    "vrf": null,
    "tenant": null,
    "role": "",
    "assigned_object_type": [
      "dcim",
      "interface"
    ],
    "assigned_object_id": "8516f3ed-bf16-4490-a5e9-cf0fc06b85aa",
    "nat_inside": null,
    "dns_name": "",
    "description": ""
  }
},
{
  "model": "ipam.prefix",
  "pk": "0cd8ea01-1092-43cf-8e29-c5cff1497d2d",
  "fields": {
    "created": "2022-11-07",
    "last_updated": "2022-11-07T00:17:40.001Z",
    "_custom_field_data": {},
    "status": [
      "Active"
    ],
    "network": "10.100.2.0",
    "broadcast": "10.100.2.255",
    "prefix_length": 24,
    "site": "f2ced1e8-6d49-4108-8de9-8e975220e2ca",
    "location": null,
    "vrf": null,
    "tenant": null,
    "vlan": null,
    "role": null,
    "is_pool": false,
    "description": ""
  }
},
{
  "model": "ipam.prefix",
  "pk": "273508af-99e0-4d89-b96e-d5456a44ec48",
  "fields": {
    "created": "2022-11-07",
    "last_updated": "2022-11-07T00:17:39.992Z",
    "_custom_field_data": {},
    "status": [
      "Active"
    ],
    "network": "10.100.1.0",
    "broadcast": "10.100.1.255",
    "prefix_length": 24,
    "site": "f2ced1e8-6d49-4108-8de9-8e975220e2ca",
    "location": null,
    "vrf": null,
    "tenant": null,
    "vlan": null,
    "role": null,
    "is_pool": false,
    "description": ""
  }
},
{
  "model": "ipam.prefix",
  "pk": "c899317a-4111-4379-b165-78c6a48e771b",
  "fields": {
    "created": "2022-11-07",
    "last_updated": "2022-11-07T00:17:40.009Z",
    "_custom_field_data": {},
    "status": [
      "Active"
    ],
    "network": "10.100.3.0",
    "broadcast": "10.100.3.255",
    "prefix_length": 24,
    "site": "f2ced1e8-6d49-4108-8de9-8e975220e2ca",
    "location": null,
    "vrf": null,
    "tenant": null,
    "vlan": null,
    "role": null,
    "is_pool": false,
    "description": ""
  }
},
{
  "model": "dcim.site",
  "pk": "f2ced1e8-6d49-4108-8de9-8e975220e2ca",
  "fields": {
    "created": "2022-11-07",
    "last_updated": "2022-11-07T00:17:37.758Z",
    "_custom_field_data": {},
    "status": null,
    "name": "ams01",
    "_name": "ams00000001",
    "slug": "ams01",
    "region": null,
    "tenant": null,
    "facility": "",
    "asn": null,
    "time_zone": null,
    "description": "",
    "physical_address": "",
    "shipping_address": "",
    "latitude": null,
    "longitude": null,
    "contact_name": "",
    "contact_phone": "",
    "contact_email": "",
    "comments": ""
  }
},
{
  "model": "dcim.device",
  "pk": "452229c8-994e-4fb3-a597-00b9e597ac9e",
  "fields": {
    "created": "2022-11-07",
    "last_updated": "2022-11-07T00:17:37.813Z",
    "_custom_field_data": {},
    "status": [
      "Active"
    ],
    "local_context_data": null,
    "local_context_schema": null,
    "local_context_data_owner_content_type": null,
    "local_context_data_owner_object_id": null,
    "device_type": "c04fb5bf-2f6d-4658-af20-e514652844b1",
    "device_role": "4e0e63a5-0919-4f74-a28d-5a1c56cf7912",
    "tenant": null,
    "platform": "56bc6723-bf83-4575-90df-0ab1d8a5335f",
    "name": "ams01-edge-01",
    "_name": "ams00000001-edge-00000001",
    "serial": "",
    "asset_tag": null,
    "site": "f2ced1e8-6d49-4108-8de9-8e975220e2ca",
    "location": null,
    "rack": null,
    "position": null,
    "face": "",
    "primary_ip4": "ec461b6f-28c6-4cce-b233-daa0534624d4",
    "primary_ip6": null,
    "cluster": null,
    "virtual_chassis": null,
    "vc_position": null,
    "vc_priority": null,
    "comments": "",
    "secrets_group": null
  }
},
{
  "model": "dcim.device",
  "pk": "f2c5c31d-3eac-4f1c-b518-6c2749643895",
  "fields": {
    "created": "2022-11-07",
    "last_updated": "2022-11-07T00:17:37.873Z",
    "_custom_field_data": {},
    "status": [
      "Active"
    ],
    "local_context_data": null,
    "local_context_schema": null,
    "local_context_data_owner_content_type": null,
    "local_context_data_owner_object_id": null,
    "device_type": "c04fb5bf-2f6d-4658-af20-e514652844b1",
    "device_role": "4e0e63a5-0919-4f74-a28d-5a1c56cf7912",
    "tenant": null,
    "platform": "56bc6723-bf83-4575-90df-0ab1d8a5335f",
    "name": "ams01-edge-02",
    "_name": "ams00000001-edge-00000002",
    "serial": "",
    "asset_tag": null,
    "site": "f2ced1e8-6d49-4108-8de9-8e975220e2ca",
    "location": null,
    "rack": null,
    "position": null,
    "face": "",
    "primary_ip4": "36ebcb05-4f71-4ebc-82a1-cc358c6ba0f9",
    "primary_ip6": null,
    "cluster": null,
    "virtual_chassis": null,
    "vc_position": null,
    "vc_priority": null,
    "comments": "",
    "secrets_group": null
  }
},
{
  "model": "dcim.device",
  "pk": "fe8f3465-d3d2-432c-b779-c23276bb449e",
  "fields": {
    "created": "2022-11-07",
    "last_updated": "2022-11-07T00:17:37.954Z",
    "_custom_field_data": {},
    "status": [
      "Active"
    ],
    "local_context_data": null,
    "local_context_schema": null,
    "local_context_data_owner_content_type": null,
    "local_context_data_owner_object_id": null,
    "device_type": "c04fb5bf-2f6d-4658-af20-e514652844b1",
    "device_role": "4e0e63a5-0919-4f74-a28d-5a1c56cf7912",
    "tenant": null,
    "platform": "56bc6723-bf83-4575-90df-0ab1d8a5335f",
    "name": "ams01-edge-03",
    "_name": "ams00000001-edge-00000003",
    "serial": "",
    "asset_tag": null,
    "site": "f2ced1e8-6d49-4108-8de9-8e975220e2ca",
    "location": null,
    "rack": null,
    "position": null,
    "face": "",
    "primary_ip4": "7300dc24-cbb6-4324-be5f-fa2d475db2c6",
    "primary_ip6": null,
    "cluster": null,
    "virtual_chassis": null,
    "vc_position": null,
    "vc_priority": null,
    "comments": "",
    "secrets_group": null
  }
},
{
  "model": "dcim.interface",
  "pk": "037a54a4-cc4d-4304-a84c-5d841f0826cd",
  "fields": {
    "created": "2022-11-07",
    "last_updated": "2022-11-07T00:17:40.076Z",
    "_custom_field_data": {},
    "status": [
      "Active"
    ],
    "device": "452229c8-994e-4fb3-a597-00b9e597ac9e",
    "name": "Loopback0",
    "label": "",
    "description": "",
    "cable": null,
    "_cable_peer_type": null,
    "_cable_peer_id": null,
    "_path": null,
    "enabled": true,
    "mac_address": null,
    "mtu": null,
    "mode": "access",
    "parent_interface": null,
    "bridge": null,
    "_name": "9999999999999999Loopback000000............",
    "lag": null,
    "type": "10gbase-t",
    "mgmt_only": false,
    "untagged_vlan": null,
    "tagged_vlans": []
  }
},
{
  "model": "dcim.interface",
  "pk": "1d5ce243-4392-403e-92ab-67abe0722506",
  "fields": {
    "created": "2022-11-07",
    "last_updated": "2022-11-07T00:17:40.114Z",
    "_custom_field_data": {},
    "status": [
      "Active"
    ],
    "device": "452229c8-994e-4fb3-a597-00b9e597ac9e",
    "name": "PortChannel1",
    "label": "",
    "description": "",
    "cable": null,
    "_cable_peer_type": null,
    "_cable_peer_id": null,
    "_path": null,
    "enabled": true,
    "mac_address": null,
    "mtu": 1500,
    "mode": "access",
    "parent_interface": null,
    "bridge": null,
    "_name": "9999999999999999PortChannel000001............",
    "lag": null,
    "type": "lag",
    "mgmt_only": false,
    "untagged_vlan": null,
    "tagged_vlans": []
  }
},
{
  "model": "dcim.interface",
  "pk": "2f2724fb-d542-4d15-aeb0-9f124528abc1",
  "fields": {
    "created": "2022-11-07",
    "last_updated": "2022-11-07T00:17:40.196Z",
    "_custom_field_data": {},
    "status": [
      "Active"
    ],
    "device": "f2c5c31d-3eac-4f1c-b518-6c2749643895",
    "name": "Loopback0",
    "label": "",
    "description": "",
    "cable": null,
    "_cable_peer_type": null,
    "_cable_peer_id": null,
    "_path": null,
    "enabled": true,
    "mac_address": null,
    "mtu": null,
    "mode": "access",
    "parent_interface": null,
    "bridge": null,
    "_name": "9999999999999999Loopback000000............",
    "lag": null,
    "type": "10gbase-t",
    "mgmt_only": false,
    "untagged_vlan": null,
    "tagged_vlans": []
  }
},
{
  "model": "dcim.interface",
  "pk": "342c304b-6b98-4cf4-9db4-668499238b6f",
  "fields": {
    "created": "2022-11-07",
    "last_updated": "2022-11-07T00:17:40.141Z",
    "_custom_field_data": {},
    "status": [
      "Active"
    ],
    "device": "f2c5c31d-3eac-4f1c-b518-6c2749643895",
    "name": "Ethernet1/1",
    "label": "",
    "description": "",
    "cable": null,
    "_cable_peer_type": null,
    "_cable_peer_id": null,
    "_path": null,
    "enabled": true,
    "mac_address": null,
    "mtu": null,
    "mode": "access",
    "parent_interface": null,
    "bridge": null,
    "_name": "0001999999999999Ethernet000001............",
    "lag": null,
    "type": "10gbase-t",
    "mgmt_only": false,
    "untagged_vlan": null,
    "tagged_vlans": []
  }
},
{
  "model": "dcim.interface",
  "pk": "3be1d013-8c6f-45d4-9855-2267a8e4a000",
  "fields": {
    "created": "2022-11-07",
    "last_updated": "2022-11-07T00:17:40.127Z",
    "_custom_field_data": {},
    "status": [
      "Active"
    ],
    "device": "452229c8-994e-4fb3-a597-00b9e597ac9e",
    "name": "Ethernet3/1",
    "label": "",
    "description": "",
    "cable": null,
    "_cable_peer_type": null,
    "_cable_peer_id": null,
    "_path": null,
    "enabled": true,
    "mac_address": null,
    "mtu": 1500,
    "mode": "access",
    "parent_interface": null,
    "bridge": null,
    "_name": "0003999999999999Ethernet000001............",
    "lag": "1d5ce243-4392-403e-92ab-67abe0722506",
    "type": "1000base-t",
    "mgmt_only": false,
    "untagged_vlan": null,
    "tagged_vlans": []
  }
},
{
  "model": "dcim.interface",
  "pk": "432ab022-1625-4381-b9a9-d7a06c55a4e7",
  "fields": {
    "created": "2022-11-07",
    "last_updated": "2022-11-07T00:17:40.065Z",
    "_custom_field_data": {},
    "status": [
      "Active"
    ],
    "device": "452229c8-994e-4fb3-a597-00b9e597ac9e",
    "name": "Ethernet4/1",
    "label": "",
    "description": "",
    "cable": null,
    "_cable_peer_type": null,
    "_cable_peer_id": null,
    "_path": null,
    "enabled": true,
    "mac_address": null,
    "mtu": null,
    "mode": "tagged",
    "parent_interface": null,
    "bridge": null,
    "_name": "0004999999999999Ethernet000001............",
    "lag": null,
    "type": "1000base-t",
    "mgmt_only": false,
    "untagged_vlan": "109bb844-dada-442d-9f2b-77a38f44320b",
    "tagged_vlans": []
  }
},
{
  "model": "dcim.interface",
  "pk": "4529cec8-ec86-4c5c-a132-2ebb850d5f98",
  "fields": {
    "created": "2022-11-07",
    "last_updated": "2022-11-07T00:17:40.027Z",
    "_custom_field_data": {},
    "status": [
      "Active"
    ],
    "device": "452229c8-994e-4fb3-a597-00b9e597ac9e",
    "name": "Ethernet1/1",
    "label": "",
    "description": "",
    "cable": null,
    "_cable_peer_type": null,
    "_cable_peer_id": null,
    "_path": null,
    "enabled": true,
    "mac_address": null,
    "mtu": null,
    "mode": "access",
    "parent_interface": null,
    "bridge": null,
    "_name": "0001999999999999Ethernet000001............",
    "lag": null,
    "type": "10gbase-t",
    "mgmt_only": false,
    "untagged_vlan": null,
    "tagged_vlans": []
  }
},
{
  "model": "dcim.interface",
  "pk": "4d10b1be-f382-42c6-8571-ba43273e1e5b",
  "fields": {
    "created": "2022-11-07",
    "last_updated": "2022-11-07T00:17:40.244Z",
    "_custom_field_data": {},
    "status": [
      "Active"
    ],
    "device": "fe8f3465-d3d2-432c-b779-c23276bb449e",
    "name": "Loopback0",
    "label": "",
    "description": "",
    "cable": null,
    "_cable_peer_type": null,
    "_cable_peer_id": null,
    "_path": null,
    "enabled": true,
    "mac_address": null,
    "mtu": null,
    "mode": "access",
    "parent_interface": null,
    "bridge": null,
    "_name": "9999999999999999Loopback000000............",
    "lag": null,
    "type": "10gbase-t",
    "mgmt_only": false,
    "untagged_vlan": null,
    "tagged_vlans": []
  }
},
{
  "model": "dcim.interface",
  "pk": "5479e6b4-4896-4bfb-8111-099ded83185c",
  "fields": {
    "created": "2022-11-07",
    "last_updated": "2022-11-07T00:17:40.235Z",
    "_custom_field_data": {},
    "status": [
      "Active"
    ],
    "device": "fe8f3465-d3d2-432c-b779-c23276bb449e",
    "name": "Ethernet2/1",
    "label": "",
    "description": "",
    "cable": null,
    "_cable_peer_type": null,
    "_cable_peer_id": null,
    "_path": null,
    "enabled": true,
    "mac_address": null,
    "mtu": null,
    "mode": "access",
    "parent_interface": null,
    "bridge": null,
    "_name": "0002999999999999Ethernet000001............",
    "lag": null,
    "type": "10gbase-t",
    "mgmt_only": false,
    "untagged_vlan": null,
    "tagged_vlans": []
  }
},
{
  "model": "dcim.interface",
  "pk": "674860fb-60fa-4146-b8ae-ee80d4c73995",
  "fields": {
    "created": "2022-11-07",
    "last_updated": "2022-11-07T00:17:37.853Z",
    "_custom_field_data": {},
    "status": [
      "Active"
    ],
    "device": "f2c5c31d-3eac-4f1c-b518-6c2749643895",
    "name": "vlan102",
    "label": "",
    "description": "",
    "cable": null,
    "_cable_peer_type": null,
    "_cable_peer_id": null,
    "_path": null,
    "enabled": true,
    "mac_address": null,
    "mtu": null,
    "mode": "access",
    "parent_interface": null,
    "bridge": null,
    "_name": "9999999999999999vlan000102............",
    "lag": null,
    "type": "10gbase-t",
    "mgmt_only": false,
    "untagged_vlan": null,
    "tagged_vlans": []
  }
},
{
  "model": "dcim.interface",
  "pk": "8227601a-b689-415a-949f-cc8df1dcb191",
  "fields": {
    "created": "2022-11-07",
    "last_updated": "2022-11-07T00:17:40.183Z",
    "_custom_field_data": {},
    "status": [
      "Active"
    ],
    "device": "f2c5c31d-3eac-4f1c-b518-6c2749643895",
    "name": "Ethernet2/1",
    "label": "",
    "description": "",
    "cable": null,
    "_cable_peer_type": null,
    "_cable_peer_id": null,
    "_path": null,
    "enabled": true,
    "mac_address": null,
    "mtu": null,
    "mode": "access",
    "parent_interface": null,
    "bridge": null,
    "_name": "0002999999999999Ethernet000001............",
    "lag": null,
    "type": "10gbase-t",
    "mgmt_only": false,
    "untagged_vlan": null,
    "tagged_vlans": []
  }
},
{
  "model": "dcim.interface",
  "pk": "8516f3ed-bf16-4490-a5e9-cf0fc06b85aa",
  "fields": {
    "created": "2022-11-07",
    "last_updated": "2022-11-07T00:17:37.800Z",
    "_custom_field_data": {},
    "status": [
      "Active"
    ],
    "device": "452229c8-994e-4fb3-a597-00b9e597ac9e",
    "name": "vlan101",
    "label": "",
    "description": "",
    "cable": null,
    "_cable_peer_type": null,
    "_cable_peer_id": null,
    "_path": null,
    "enabled": true,
    "mac_address": null,
    "mtu": null,
    "mode": "access",
    "parent_interface": null,
    "bridge": null,
    "_name": "9999999999999999vlan000101............",
    "lag": null,
    "type": "10gbase-t",
    "mgmt_only": false,
    "untagged_vlan": null,
    "tagged_vlans": []
  }
},
{
  "model": "dcim.interface",
  "pk": "8ddeef6d-506d-465e-ab51-2a7026574b55",
  "fields": {
    "created": "2022-11-07",
    "last_updated": "2022-11-07T00:17:37.906Z",
    "_custom_field_data": {},
    "status": [
      "Active"
    ],
    "device": "fe8f3465-d3d2-432c-b779-c23276bb449e",
    "name": "vlan103",
    "label": "",
    "description": "",
    "cable": null,
    "_cable_peer_type": null,
    "_cable_peer_id": null,
    "_path": null,
    "enabled": true,
    "mac_address": null,
    "mtu": null,
    "mode": "access",
    "parent_interface": null,
    "bridge": null,
    "_name": "9999999999999999vlan000103............",
    "lag": null,
    "type": "10gbase-t",
    "mgmt_only": false,
    "untagged_vlan": null,
    "tagged_vlans": []
  }
},
{
  "model": "dcim.interface",
  "pk": "8e0474e6-1f62-4e3e-bc00-a0543bf0f0c5",
  "fields": {
    "created": "2022-11-07",
    "last_updated": "2022-11-07T00:17:40.225Z",
    "_custom_field_data": {},
    "status": [
      "Active"
    ],
    "device": "fe8f3465-d3d2-432c-b779-c23276bb449e",
    "name": "Ethernet1/1",
    "label": "",
    "description": "",
    "cable": null,
    "_cable_peer_type": null,
    "_cable_peer_id": null,
    "_path": null,
    "enabled": true,
    "mac_address": null,
    "mtu": null,
    "mode": "access",
    "parent_interface": null,
    "bridge": null,
    "_name": "0001999999999999Ethernet000001............",
    "lag": null,
    "type": "10gbase-t",
    "mgmt_only": false,
    "untagged_vlan": null,
    "tagged_vlans": []
  }
},
{
  "model": "dcim.interface",
  "pk": "90af5090-fb7e-42a5-a279-f2815951b0d8",
  "fields": {
    "created": "2022-11-07",
    "last_updated": "2022-11-07T00:17:40.037Z",
    "_custom_field_data": {},
    "status": [
      "Active"
    ],
    "device": "452229c8-994e-4fb3-a597-00b9e597ac9e",
    "name": "Ethernet2/1",
    "label": "",
    "description": "",
    "cable": null,
    "_cable_peer_type": null,
    "_cable_peer_id": null,
    "_path": null,
    "enabled": true,
    "mac_address": null,
    "mtu": 1500,
    "mode": "access",
    "parent_interface": null,
    "bridge": null,
    "_name": "0002999999999999Ethernet000001............",
    "lag": null,
    "type": "10gbase-t",
    "mgmt_only": false,
    "untagged_vlan": null,
    "tagged_vlans": []
  }
}
]
